市州,year,city_id,grade_id,obs_id,F_strength,F_speed,F_endurance,F_flexibility
乐山市教育局,2019,0,1,0,-0.420575172,-0.877083264,0.12700301370934933,-0.495439329
乐山市教育局,2019,0,2,1,-0.202898198,-0.983125857,-0.209902654,-0.267664061
乐山市教育局,2019,0,3,2,-0.006286414,-1.17236475,0.447081284906202,-0.052060982
乐山市教育局,2019,0,0,3,-1.351570677,0.06860902372749336,-1.572083699,-0.111484599
乐山市教育局,2019,0,4,4,-1.551430003,0.2113021404464369,-1.699071787,-0.151445388
内江市教育局,2019,1,1,5,-0.740548886,-1.365111985,-0.042462995,-0.401645869
内江市教育局,2019,1,2,6,-0.594898672,-1.564233455,-0.133153027,-0.119249447
内江市教育局,2019,1,3,7,-0.684078987,-1.583251063,0.3679872601992855,0.10693910442648116
内江市教育局,2019,1,0,8,-1.743884815,-0.050744603,-1.812396742,-0.852450708
内江市教育局,2019,1,4,9,-1.540187874,-0.192587262,-1.017765884,-0.653049706
凉山彝族自治州教育局,2019,2,1,10,1.2238228342582607,-0.758727315,-0.840196413,0.57412276454528
凉山彝族自治州教育局,2019,2,2,11,0.014898371529942701,-1.793957683,-0.375356445,1.4652776360861883
凉山彝族自治州教育局,2019,2,3,12,-0.58074881,-2.102755996,0.19306255812045156,2.0029851597049926
凉山彝族自治州教育局,2019,2,0,13,-2.057167143,-0.547660519,1.0163866417612375,0.6471999142151857
凉山彝族自治州教育局,2019,2,4,14,-2.81788685,-0.15971995,0.4301899233619025,1.1112382196614952
南充市教育局,2019,3,1,15,0.16795588398656375,-2.154029055,-1.002379577,-0.840194458
南充市教育局,2019,3,2,16,-0.721818288,-2.084332485,-0.983106199,-0.303459509
南充市教育局,2019,3,3,17,-1.165103079,-2.185945429,-0.978399337,-0.093999123
南充市教育局,2019,3,0,18,-1.907850331,-0.363619727,-1.035047159,-0.261136972
南充市教育局,2019,3,4,19,-2.123358776,-0.879769568,-2.050746264,0.24375069062907037
宜宾市教育局,2019,4,1,20,0.020687172400347495,-0.708405876,-0.097054812,-0.236365541
宜宾市教育局,2019,4,2,21,0.17550464111402433,-0.812085028,-0.171296219,0.27517300626421787
宜宾市教育局,2019,4,3,22,0.03415856601161836,-1.138764867,0.868628001636114,0.5602222862975715
宜宾市教育局,2019,4,0,23,-1.470198313,0.042605221696793885,0.5793786880991413,0.48666346024757184
宜宾市教育局,2019,4,4,24,-2.086535496,-0.067076277,0.011395426034099869,0.3129464846741483
巴中市教育局,2019,5,1,25,-0.412623058,-1.271849731,0.0792533438969615,-0.551979943
巴中市教育局,2019,5,2,26,-0.564809377,-1.359215542,0.30398469949905044,-0.112733652
巴中市教育局,2019,5,3,27,-0.883229281,-1.3989543,1.523331174603881,0.485247801574981
巴中市教育局,2019,5,0,28,-1.545843011,-0.13011421,1.488259378520891,-0.475240322
巴中市教育局,2019,5,4,29,-1.638904023,0.1461576274712968,0.9249592753849027,-0.361965363
广元市教育局,2019,6,1,30,-0.824562594,-1.89451065,0.03248414816475246,-1.451753858
广元市教育局,2019,6,2,31,-1.400745318,-1.744903014,-0.609650857,-1.057240965
广元市教育局,2019,6,3,32,-1.451428937,-1.624287662,-0.364517231,-0.608000502
广元市教育局,2019,6,0,33,-1.901110225,-0.542389142,-1.186038938,-1.909611084
广元市教育局,2019,6,4,34,-1.662737436,-0.936407592,-0.281522828,-1.864470185
广安市教育局,2019,7,1,35,-1.211859438,-2.248697084,-0.368219846,-1.822571737
广安市教育局,2019,7,2,36,-1.362975595,-2.146691618,-0.619245251,-1.662496083
广安市教育局,2019,7,3,37,-1.541229471,-2.228834659,-0.334830442,-1.235959967
广安市教育局,2019,7,0,38,-2.390377102,-0.643567915,-0.905242631,-1.590939989
广安市教育局,2019,7,4,39,-2.143506246,-0.50396644,-0.534852836,-1.418764101
德阳市教育局,2019,8,1,40,-0.979181652,-0.835918098,-0.144633202,-0.364013779
德阳市教育局,2019,8,2,41,-0.653455303,-0.908688229,-0.351087137,-0.39777556
德阳市教育局,2019,8,3,42,-0.6864578,-0.976250551,0.349459861766707,-0.3443486
德阳市教育局,2019,8,0,43,-1.081837631,-0.323790231,-0.455294092,-1.937446448
德阳市教育局,2019,8,4,44,-0.722297143,-0.409472745,-1.31921832,-1.668326321
成都市教育局,2019,9,1,45,-0.216075485,0.6837399542394437,0.727545867844321,0.8269409601115492
成都市教育局,2019,9,2,46,0.6553269449840416,0.40148483860418754,0.41948716608288905,0.8561512774612361
成都市教育局,2019,9,3,47,1.1260078888256555,0.1729555775514653,1.0456441182314653,0.8713611225619934
成都市教育局,2019,9,0,48,0.8792267584024958,1.2438474677001108,0.9593541778545563,0.7431652244521236
成都市教育局,2019,9,4,49,0.3493296598856345,1.0791264759067378,-0.054611356,0.7102324162542523
攀枝花市教育局,2019,10,1,50,-0.362666079,-0.107520757,-0.544039364,-0.999900661
攀枝花市教育局,2019,10,2,51,0.07386455400724605,-0.448301789,-0.75555008,-0.350490976
攀枝花市教育局,2019,10,3,52,0.36309180122994794,-0.652186364,0.9187977971651932,-0.295322351
攀枝花市教育局,2019,10,0,53,0.0957130065386945,0.48262246533981895,2.6876201071542107,-0.585433385
攀枝花市教育局,2019,10,4,54,0.09578202363495449,0.5259318714886573,0.8336484769313813,-0.191450862
泸州市教育局,2019,11,1,55,-0.705554023,-0.983781585,-0.191071202,-0.4395809
泸州市教育局,2019,11,2,56,-0.388059353,-1.091551898,0.1302615141622927,0.008157865324624898
泸州市教育局,2019,11,3,57,-0.18185756,-1.023224367,1.630331087639115,0.34373688797786517
泸州市教育局,2019,11,0,58,-1.448502405,0.18347283644978393,1.0897654441744962,-0.434511841
泸州市教育局,2019,11,4,59,-1.827637334,-0.330404135,0.2724086357233597,-0.369468007
甘孜藏族自治州教育局,2019,12,1,60,2.7298388043552806,-0.897045889,-2.201851696,0.5735957640903128
甘孜藏族自治州教育局,2019,12,2,61,0.8868913746168483,-1.762233922,-1.338453313,1.1203101900881018
甘孜藏族自治州教育局,2019,12,3,62,-0.244847874,-2.401872602,-0.417978829,1.4327475033471888
甘孜藏族自治州教育局,2019,12,0,63,-2.004356385,0.33913325621913465,0.3452130256400605,-0.265557197
甘孜藏族自治州教育局,2019,12,4,64,-2.217445179,0.23117057984045258,-0.271447127,0.17230922914708274
眉山市教育局,2019,13,1,65,-0.36580982,-1.08172704,-0.312700662,-0.959458444
眉山市教育局,2019,13,2,66,-0.792575569,-1.150008969,-0.643852674,-0.772113064
眉山市教育局,2019,13,3,67,-0.465251003,-1.242106679,0.04604179045170663,-0.57495331
眉山市教育局,2019,13,0,68,-0.78046591,-0.028920487,-0.112168419,-1.489031749
眉山市教育局,2019,13,4,69,-2.521586657,-0.746193773,-1.081516858,-0.94411332
绵阳市教育和体育局,2019,14,1,70,-0.757169483,-1.53308127,-0.514032772,-1.399178617
绵阳市教育和体育局,2019,14,2,71,-0.554987989,-1.270193949,-0.656964468,-0.895576251
绵阳市教育和体育局,2019,14,3,72,-0.49485776,-0.887384664,0.09729881440427902,-0.662274633
绵阳市教育和体育局,2019,14,0,73,-0.951342944,0.1538982192856034,0.5131632970524014,-2.918459674
绵阳市教育和体育局,2019,14,4,74,-1.077667,0.53725346318176,-0.543432587,-1.888315157
自贡市教育局,2019,15,1,75,-1.368071935,-1.802228184,-0.625830363,-0.613223113
自贡市教育局,2019,15,2,76,-0.986782507,-2.213018093,-0.568467541,-0.017365822
自贡市教育局,2019,15,3,77,-1.055027601,-2.21279929,0.0009507140472112923,0.43849869562148347
自贡市教育局,2019,15,0,78,-2.180408978,-0.830395418,-1.13876803,-0.169899938
自贡市教育局,2019,15,4,79,-2.949091026,-0.911362641,-0.920890828,0.5060084731184084
资阳市教育局,2019,16,1,80,-0.831355713,-1.306154509,-0.008842582,-0.573959561
资阳市教育局,2019,16,2,81,-1.113052507,-1.859963224,-0.114364296,-0.01665693
资阳市教育局,2019,16,3,82,-1.21197024,-1.978673358,-0.098939039,0.34028836086999775
资阳市教育局,2019,16,0,83,-1.69212892,-1.046632504,-1.052417721,-0.042543775
资阳市教育局,2019,16,4,84,-1.776638294,-1.029579299,-0.224272848,-0.136182516
达州市教育局,2019,17,1,85,-0.631354443,-1.91713373,-0.424991037,-1.067628994
达州市教育局,2019,17,2,86,-1.324139223,-2.366659505,-0.421853406,-0.118989756
达州市教育局,2019,17,3,87,-1.738456427,-2.493152309,-0.104102127,0.3704545825631492
达州市教育局,2019,17,0,88,-2.207151739,-0.686153163,0.1132534325612445,-0.296771029
达州市教育局,2019,17,4,89,-2.419429505,-0.970789291,-0.63147956,-0.568640499
遂宁市教育局,2019,18,1,90,-0.216357758,-1.268432511,-0.907297213,-1.714560604
遂宁市教育局,2019,18,2,91,-0.866447227,-1.580421568,-0.795225006,-1.142861154
遂宁市教育局,2019,18,3,92,-1.274962585,-1.466559717,0.133772771140448,-0.482068335
遂宁市教育局,2019,18,0,93,-1.942408202,-0.166843626,-1.448703087,-1.650398595
遂宁市教育局,2019,18,4,94,-2.263258099,0.10453401966408739,-0.769732968,-1.861731468
阿坝藏族羌族自治州教育局,2019,19,1,95,0.25392724130426647,-0.895681488,-0.447699758,-0.020405265
阿坝藏族羌族自治州教育局,2019,19,2,96,0.5452219341632879,-0.821942887,0.06182807426675463,0.718101597991227
阿坝藏族羌族自治州教育局,2019,19,3,97,0.27121135291713483,-1.069216,1.2906745319647817,1.363228390169386
阿坝藏族羌族自治州教育局,2019,19,0,98,-1.190721211,-0.886408012,0.8503118949919743,-0.253760818
阿坝藏族羌族自治州教育局,2019,19,4,99,-0.473691627,-0.771426257,0.14749045801126642,-0.520596517
雅安市教育局,2019,20,1,100,0.40918463413525424,0.06604949491455468,-0.068379366,-0.381650215
雅安市教育局,2019,20,2,101,0.3546552658194085,-0.310735478,0.009610574179563295,0.15103092825199588
雅安市教育局,2019,20,3,102,0.26912250640154833,-0.483784852,0.718594978322808,0.2095192016388719
雅安市教育局,2019,20,0,103,-1.002234924,0.5598886080837314,0.26023437290156376,-1.03042081
雅安市教育局,2019,20,4,104,-1.700809431,0.14046582632472865,-0.061645398,-1.499721086
乐山市教育局,2020,0,1,105,0.07183615582348309,-0.384342239,0.08233970504091032,-0.416305998
乐山市教育局,2020,0,2,106,0.23652322015063731,-0.508359482,-0.318782568,-0.114960041
乐山市教育局,2020,0,3,107,0.6841002913925612,-0.798206909,-0.333653732,0.1504336283110398
乐山市教育局,2020,0,0,108,-1.100669617,0.42031705620035087,-3.024142208,0.08706326851207453
乐山市教育局,2020,0,4,109,-1.588991648,0.23977914327710204,-3.06355704,-0.071594275
内江市教育局,2020,1,1,110,-0.627624912,-1.144137477,-0.3786706,-0.551039892
内江市教育局,2020,1,2,111,-0.281410405,-1.731878727,-0.47203429,-0.129649065
内江市教育局,2020,1,3,112,-0.481740108,-1.658820159,0.026003494859079435,0.22840940576574192
内江市教育局,2020,1,0,113,-1.516284936,0.10012595374309134,-2.683058417,-0.82558413
内江市教育局,2020,1,4,114,-1.324579365,-0.072042973,-1.445103099,-0.642456268
凉山彝族自治州教育局,2020,2,1,115,1.0716403701392039,-0.978641191,-0.822593335,0.3696575963342631
凉山彝族自治州教育局,2020,2,2,116,-0.157328367,-1.431381273,-0.48783615,1.0725378108069183
凉山彝族自治州教育局,2020,2,3,117,-0.835017791,-1.765982563,0.00021616346410894882,1.7998962222496622
凉山彝族自治州教育局,2020,2,0,118,-1.598064626,0.228643825474297,0.650899860414515,0.7623696963630928
凉山彝族自治州教育局,2020,2,4,119,-2.209515344,-0.060945214,-0.348824343,1.672732004189292
南充市教育局,2020,3,1,120,0.6851739367410501,-1.205824319,-1.228374982,-0.960915166
南充市教育局,2020,3,2,121,-0.123812713,-1.785102191,-1.516762079,-0.493837741
南充市教育局,2020,3,3,122,-0.815667733,-2.02506371,-1.100867562,-0.160750993
南充市教育局,2020,3,0,123,-1.35832001,-0.411886134,-1.532852181,-0.048511653
南充市教育局,2020,3,4,124,-1.453258121,-0.738838528,-2.236119755,0.1923577192645267
宜宾市教育局,2020,4,1,125,0.3761222676529999,-0.669365265,-0.205280004,0.049955899877982705
宜宾市教育局,2020,4,2,126,0.20156228812742139,-0.671532617,-0.405822037,0.6399146825193941
宜宾市教育局,2020,4,3,127,0.08547107739155366,-1.103109265,0.4150931035775117,0.9707427669100506
宜宾市教育局,2020,4,0,128,-1.113566179,0.2749658122991561,-0.353733577,0.5428139309818553
宜宾市教育局,2020,4,4,129,-1.757129201,0.16640158202603894,-0.346262807,1.0056900122085881
巴中市教育局,2020,5,1,130,-0.176131239,-0.529324553,0.22353008127537138,-0.447428007
巴中市教育局,2020,5,2,131,-0.272314898,-1.201498856,0.2630091099997537,0.12901521418491155
巴中市教育局,2020,5,3,132,-0.419755954,-1.076436207,1.5723438136532824,0.560752549314052
巴中市教育局,2020,5,0,133,-1.134924612,0.23465906930621722,0.9538173345844426,-0.272995062
巴中市教育局,2020,5,4,134,-1.232420243,0.3836521657637882,0.40019790529186305,-0.185757941
广元市教育局,2020,6,1,135,-0.01134935,-2.238723591,-0.526423861,-1.752606546
广元市教育局,2020,6,2,136,-1.034064049,-1.8830342,-1.165986746,-1.036097184
广元市教育局,2020,6,3,137,-1.234783011,-1.885938266,-1.468096212,-0.785193302
广元市教育局,2020,6,0,138,-1.284069698,-0.307458309,-1.439999317,-1.435909477
广元市教育局,2020,6,4,139,-0.874588204,-0.535951719,-0.51729604,-1.698185482
广安市教育局,2020,7,1,140,-0.784692061,-1.460097407,-0.381678128,-2.015432841
广安市教育局,2020,7,2,141,-1.00399435,-1.758111619,-0.629611727,-1.600900321
广安市教育局,2020,7,3,142,-1.271410497,-1.999479543,0.011814245708152702,-1.160337003
广安市教育局,2020,7,0,143,-2.227867181,-0.445389584,-1.246436375,-1.483640375
广安市教育局,2020,7,4,144,-1.808220988,-0.186173121,-0.867416676,-1.663074129
德阳市教育局,2020,8,1,145,-0.471726632,-0.201055026,-0.239002472,-0.303981845
德阳市教育局,2020,8,2,146,-0.152581127,-0.686677523,-0.545699392,-0.159987697
德阳市教育局,2020,8,3,147,-0.193427765,-0.755722558,-0.0635724,-0.162998589
德阳市教育局,2020,8,0,148,-0.550159118,0.298086253337866,-1.145101738,-1.65900633
德阳市教育局,2020,8,4,149,-0.144881521,0.475722217081467,-1.266389975,-1.337889112
成都市教育局,2020,9,1,150,0.07144431063862233,0.6735855383187243,0.42772923600656343,1.1803445397111845
成都市教育局,2020,9,2,151,0.9896119282631439,0.3538510771293837,0.08329031993512834,1.2985637818607667
成都市教育局,2020,9,3,152,1.511872946126088,0.1541803134622698,0.49932680351268266,1.1905234491216041
成都市教育局,2020,9,0,153,1.567246993382699,1.589903584822043,0.38365807714570355,0.9851132626069361
成都市教育局,2020,9,4,154,0.6693954471174095,1.284315732395911,-0.393676389,1.0448005244641991
攀枝花市教育局,2020,10,1,155,0.10602519950509307,0.2004079184493791,-0.554312258,-0.651296092
攀枝花市教育局,2020,10,2,156,0.5706384191196604,-0.199422202,-0.708977464,-0.476700253
攀枝花市教育局,2020,10,3,157,0.9091266543343687,-0.464981442,0.937586156741249,-0.017327232
攀枝花市教育局,2020,10,0,158,0.3663643822548976,0.11311852673275291,1.8086450872369413,-0.029713311
攀枝花市教育局,2020,10,4,159,0.07487340686125994,0.5185455855772161,0.5085286633369946,-0.286572166
泸州市教育局,2020,11,1,160,-0.200302324,-0.83462489,-0.433393399,-0.580112347
泸州市教育局,2020,11,2,161,-0.342926957,-0.890176409,-0.184229675,-0.051259203
泸州市教育局,2020,11,3,162,-0.119751484,-0.776474448,1.0289539099260785,0.463437965461898
泸州市教育局,2020,11,0,163,-1.299859062,0.25838536352900227,0.691630028243562,-0.013832196
泸州市教育局,2020,11,4,164,-1.451637196,0.18154319991602128,-0.003482931,0.4585859260554103
甘孜藏族自治州教育局,2020,12,1,165,2.5735978409742346,-1.226932842,-2.182631015,0.5299415524832016
甘孜藏族自治州教育局,2020,12,2,166,1.5730052172425852,-1.687924918,-2.10807835,0.9995818956216213
甘孜藏族自治州教育局,2020,12,3,167,0.015771442637579694,-1.599869263,-0.932941714,1.4620669977503504
甘孜藏族自治州教育局,2020,12,0,168,-1.613991453,0.37139132084506904,0.18840879280550518,0.5270336844395056
甘孜藏族自治州教育局,2020,12,4,169,-1.771865134,0.18083416757199405,-0.613155091,-0.121773759
眉山市教育局,2020,13,1,170,-0.351774738,-0.911889413,-0.640357723,-0.955117277
眉山市教育局,2020,13,2,171,-0.421900384,-1.288161462,-0.665255564,-0.858074137
眉山市教育局,2020,13,3,172,-0.401122658,-1.440159682,-0.316772798,-0.510582005
眉山市教育局,2020,13,0,173,-1.092961649,-0.14015571,-1.824219972,-1.412966366
眉山市教育局,2020,13,4,174,-1.245161866,-0.151261026,-1.446873813,-1.435471349
绵阳市教育和体育局,2020,14,1,175,0.10727354992327023,0.0747070309426942,-0.320189925,-0.563420343
绵阳市教育和体育局,2020,14,2,176,0.2448534812782953,0.13335377394573183,-0.459615551,-0.192833743
绵阳市教育和体育局,2020,14,3,177,0.23076465127494294,-0.011835581,0.2920167470924028,0.03230097446239408
绵阳市教育和体育局,2020,14,0,178,-0.066601568,1.3163456819492012,0.18807471236522202,-2.11002718
绵阳市教育和体育局,2020,14,4,179,0.007142398108128147,1.6814268267952661,0.548880313420761,-0.963232616
自贡市教育局,2020,15,1,180,-0.905404758,-1.625312947,-0.766703166,-0.217024869
自贡市教育局,2020,15,2,181,-0.937887466,-2.024115795,-0.56743267,0.12860774556803378
自贡市教育局,2020,15,3,182,-0.90789822,-1.962326314,-0.362184902,0.6325826090922023
自贡市教育局,2020,15,0,183,-2.005981539,-0.57943741,-1.927259612,0.41072020471654325
自贡市教育局,2020,15,4,184,-2.69040993,-0.935080343,-1.657776326,0.8283998177955375
资阳市教育局,2020,16,1,185,-0.114800819,-1.194715327,-0.621566438,-1.053273871
资阳市教育局,2020,16,2,186,-0.465756184,-1.713447024,-0.496381663,-0.264809867
资阳市教育局,2020,16,3,187,-0.691897502,-2.079987385,-0.564132653,0.32594896451750094
资阳市教育局,2020,16,0,188,-1.437433517,-0.639220468,-1.962839018,0.023849283035307606
资阳市教育局,2020,16,4,189,-1.837600426,-0.317171148,-1.46481789,0.6787299948149572
达州市教育局,2020,17,1,190,-0.390783795,-1.590996311,-0.728229284,-1.224043554
达州市教育局,2020,17,2,191,-1.016885462,-2.257537169,-0.6324558,-0.363927338
达州市教育局,2020,17,3,192,-1.316240238,-2.191994928,-0.215246609,0.3559959683794913
达州市教育局,2020,17,0,193,-1.815153217,-0.40426151,-0.326844243,-0.462074258
达州市教育局,2020,17,4,194,-1.974099301,-0.443848806,-1.347692883,-0.665458362
遂宁市教育局,2020,18,1,195,0.05802726680977451,-1.165923694,-0.985788887,-1.83130454
遂宁市教育局,2020,18,2,196,-0.177159113,-1.700222587,-1.523641238,-1.055385375
遂宁市教育局,2020,18,3,197,-0.741749007,-1.372388483,-0.959976961,-0.682690811
遂宁市教育局,2020,18,0,198,-1.672796751,0.16588209257447922,-2.483630075,-1.506263551
遂宁市教育局,2020,18,4,199,-1.865004252,-0.111788081,-1.425017379,-1.92090039
阿坝藏族羌族自治州教育局,2020,19,1,200,0.4937827653433796,-0.740642622,-0.373405955,-0.15979026
阿坝藏族羌族自治州教育局,2020,19,2,201,0.43036696795355006,-1.048267853,0.4882700790334441,1.0206243492493252
阿坝藏族羌族自治州教育局,2020,19,3,202,0.29969261085686594,-0.990234011,0.594455217907807,1.271669197085559
阿坝藏族羌族自治州教育局,2020,19,0,203,-0.473120979,-0.20196751,1.0055959646018697,0.0565692513600194
阿坝藏族羌族自治州教育局,2020,19,4,204,-1.211474434,-0.725182228,-0.12113485,-0.579791808
雅安市教育局,2020,20,1,205,0.7463505618446913,0.2531689687295071,-0.437377902,-0.433403876
雅安市教育局,2020,20,2,206,0.5772697701342576,-0.472427716,-0.450007849,-0.086594933
雅安市教育局,2020,20,3,207,0.5471854280308897,-0.244118787,0.3375447509241806,0.25391890938714756
雅安市教育局,2020,20,0,208,-0.481581794,1.2934075991820466,-0.24952586,-0.810273812
雅安市教育局,2020,20,4,209,-1.137501051,0.042354878306419305,-0.398320069,-0.853202458
乐山市教育局,2021,0,1,210,0.29558265677393336,-0.325175512,-0.163046593,-0.60209579
乐山市教育局,2021,0,2,211,0.48010143066499095,-0.515535426,-0.468902555,-0.082966103
乐山市教育局,2021,0,3,212,0.7699150888178786,-0.913346842,-0.460912487,0.10349384107890983
乐山市教育局,2021,0,0,213,-0.789387054,0.23555430328145363,-2.542517337,0.28012934556185365
乐山市教育局,2021,0,4,214,-1.326972179,0.2688610396060217,-2.373754834,0.15541009185450755
内江市教育局,2021,1,1,215,-0.335277668,-0.518345763,-0.002200802,-0.689721082
内江市教育局,2021,1,2,216,0.1702517747808934,-0.9874764,-0.186676926,-0.120866684
内江市教育局,2021,1,3,217,0.05662981192217717,-0.86896264,0.4606149209303706,0.16749567241021007
内江市教育局,2021,1,0,218,-0.629939648,0.7975454344122378,-1.214460641,-0.594349753
内江市教育局,2021,1,4,219,-0.739344417,0.6194770089394136,-0.862713363,-0.327139777
凉山彝族自治州教育局,2021,2,1,220,1.7511100977072296,0.8885299999507787,-0.460594649,0.7370831354664937
凉山彝族自治州教育局,2021,2,2,221,1.0158540913011629,0.12522383192475559,-0.028176312,1.5296106496798516
凉山彝族自治州教育局,2021,2,3,222,0.6421359417749692,-0.37536127,0.8302597189346522,2.2230882866238213
凉山彝族自治州教育局,2021,2,0,223,-0.897279936,1.1903990871308094,1.6266506474331939,1.1839523538824692
凉山彝族自治州教育局,2021,2,4,224,-1.232650707,1.1552884941193797,1.2801019518954648,1.7988346763737393
南充市教育局,2021,3,1,225,0.5802760123163889,-1.232645305,-1.116564043,-1.090359754
南充市教育局,2021,3,2,226,0.05952887976961572,-1.576125715,-1.316230867,-0.495644962
南充市教育局,2021,3,3,227,-0.368157078,-1.660732058,-0.827765643,0.04586218509184743
南充市教育局,2021,3,0,228,-1.266809219,-0.037941453,-1.548068393,-0.342199114
南充市教育局,2021,3,4,229,-1.185189985,-0.386622392,-1.95112387,-0.096126299
宜宾市教育局,2021,4,1,230,0.2923082694894794,-0.10059913,0.0610468454440877,0.013827688223902873
宜宾市教育局,2021,4,2,231,0.41400167899328977,-0.495536772,-0.296147873,0.451507268334616
宜宾市教育局,2021,4,3,232,0.27181197260500284,-0.56713501,0.4582334275467369,0.8395135890581213
宜宾市教育局,2021,4,0,233,-0.912651439,0.5354832858654212,-0.117578493,0.5299066352029383
宜宾市教育局,2021,4,4,234,-1.200541988,0.4455858439995832,-0.269144524,0.8754431899766739
巴中市教育局,2021,5,1,235,-0.199427987,-0.055090116,0.39484175808712824,-0.155559199
巴中市教育局,2021,5,2,236,-0.069440069,-0.397580379,0.4622388581444915,0.3305950011329835
巴中市教育局,2021,5,3,237,-0.138018414,-0.455126286,1.6012210110560658,0.6054041019931006
巴中市教育局,2021,5,0,238,-0.676918497,0.2767408754737474,1.1448431445763403,-0.385799984
巴中市教育局,2021,5,4,239,-0.805743699,0.505669827519116,0.528137537781828,0.14013684017646
广元市教育局,2021,6,1,240,-0.436294161,-1.782323382,-0.423571503,-1.66561381
广元市教育局,2021,6,2,241,-0.602102452,-1.764518701,-1.241915687,-1.368260075
广元市教育局,2021,6,3,242,-0.588149603,-1.659192019,-1.030260003,-0.973601411
广元市教育局,2021,6,0,243,-1.081918925,-0.350579793,-1.061732507,-1.823184187
广元市教育局,2021,6,4,244,-0.48801878,-0.542755797,-0.551734772,-1.424973429
广安市教育局,2021,7,1,245,-1.062786358,-1.84959232,-0.619798608,-2.447884733
广安市教育局,2021,7,2,246,-0.69555222,-1.912589806,-0.633161367,-2.106012271
广安市教育局,2021,7,3,247,-0.737463418,-2.034222828,-0.524585804,-1.805680916
广安市教育局,2021,7,0,248,-1.809381365,-0.165853208,-0.741565536,-1.705141104
广安市教育局,2021,7,4,249,-2.04924572,-0.09912799,-1.102608126,-1.511609847
德阳市教育局,2021,8,1,250,-0.641013294,0.15687374112527624,0.03065971006387656,0.11177409286816513
德阳市教育局,2021,8,2,251,0.3241671524062145,-0.263104071,-0.236534603,0.06355031500676446
德阳市教育局,2021,8,3,252,0.34199816962767565,-0.389076497,0.20940537642682833,-0.052907035
德阳市教育局,2021,8,0,253,-0.020921978,0.562163671445106,0.09348133372362226,-1.427827171
德阳市教育局,2021,8,4,254,0.2775749312558842,0.6006585501848519,-1.045925184,-0.930369891
成都市教育局,2021,9,1,255,-0.172072934,1.0298642507727083,0.7157120277439549,1.1400136784510075
成都市教育局,2021,9,2,256,1.0721233234016259,0.6915948262540241,0.28304228628381223,1.2606949868338084
成都市教育局,2021,9,3,257,1.67606288958802,0.509066129995218,0.8561118219583347,1.1708696894141162
成都市教育局,2021,9,0,258,2.2469705742062396,2.153215580372058,1.5807243038749426,1.1061183743478624
成都市教育局,2021,9,4,259,0.7928653404698105,1.1355406228286902,-0.322428351,1.1293270335591539
攀枝花市教育局,2021,10,1,260,0.017880321970285853,0.27921663026616667,-0.584415231,-0.836878018
攀枝花市教育局,2021,10,2,261,0.6857783678775985,-0.081001635,-0.519052986,-0.743353587
攀枝花市教育局,2021,10,3,262,0.8673035662469902,-0.224015287,1.1302923479886942,-0.234757985
攀枝花市教育局,2021,10,0,263,0.8290784370352544,0.3411306631625224,3.0668132166476054,-0.11202106
攀枝花市教育局,2021,10,4,264,0.7110553192432115,0.6771740958807426,0.6517026450295488,-0.464587102
泸州市教育局,2021,11,1,265,-0.059920806,-0.182411769,-0.067409949,-0.393516113
泸州市教育局,2021,11,2,266,0.0522023836735161,-0.180858768,0.07455631482013524,0.24184656832995186
泸州市教育局,2021,11,3,267,0.5708079562788121,-0.025207477,1.3859982727518365,0.4950330658491949
泸州市教育局,2021,11,0,268,-0.550562983,0.9592919563703562,1.9686578096286276,0.07639137966319752
泸州市教育局,2021,11,4,269,-0.904697905,0.6374321890120775,0.7640995545773215,0.19246008941294476
甘孜藏族自治州教育局,2021,12,1,270,1.9629160620468797,-0.109125362,-1.463757683,0.6223681945008589
甘孜藏族自治州教育局,2021,12,2,271,0.7873714120080527,-1.30795409,-1.449213816,1.0129442077918633
甘孜藏族自治州教育局,2021,12,3,272,0.17025204050375445,-1.641033311,0.04160367128870604,1.2309171233840834
甘孜藏族自治州教育局,2021,12,0,273,-1.442149193,0.5128662668887153,0.6554478160245629,0.482792784931028
甘孜藏族自治州教育局,2021,12,4,274,-1.872642741,0.585607794082798,-0.578998537,-0.263155696
眉山市教育局,2021,13,1,275,0.21487935095280994,0.27105282364797667,-0.00507545,-0.405742867
眉山市教育局,2021,13,2,276,0.4116284692661593,-0.033288633,-0.552187381,-0.302863827
眉山市教育局,2021,13,3,277,0.6611810814863041,0.02249595505567056,0.3776174026965501,-0.050233674
眉山市教育局,2021,13,0,278,0.058361290977027955,0.8415970635855144,-0.22889971,-1.263088984
眉山市教育局,2021,13,4,279,-0.571424143,0.31976927767036123,-1.198429955,-1.161628545
绵阳市教育和体育局,2021,14,1,280,0.049315088359122565,0.38666387670977337,-0.424340438,-0.723608489
绵阳市教育和体育局,2021,14,2,281,0.22463638905548566,0.18008327429233356,-0.41380952,-0.424970712
绵阳市教育和体育局,2021,14,3,282,0.36371157835695767,0.4088985562094089,0.3613125466693357,-0.040821805
绵阳市教育和体育局,2021,14,0,283,-0.275779791,1.1244942801886004,0.9840735631127479,-1.991437246
绵阳市教育和体育局,2021,14,4,284,-0.197058751,1.2611774395717263,-0.13405057,-1.208237602
自贡市教育局,2021,15,1,285,-1.251440733,-1.426148791,-0.192899798,-0.42212427
自贡市教育局,2021,15,2,286,-0.7429655,-1.854312014,-0.466142685,-0.100682366
自贡市教育局,2021,15,3,287,-0.508167395,-1.532541203,-0.391164322,0.3582254529757885
自贡市教育局,2021,15,0,288,-1.720634262,-0.430976274,-1.452487509,0.3537258247061064
自贡市教育局,2021,15,4,289,-2.339271906,-0.648160824,-2.018552984,0.5530488312628774
资阳市教育局,2021,16,1,290,-0.398625239,-1.382028929,-0.386300218,-1.316667194
资阳市教育局,2021,16,2,291,-0.404328876,-1.64367317,-0.778567686,-0.736634943
资阳市教育局,2021,16,3,292,-0.546686546,-1.724610474,-0.573483487,-0.047960436
资阳市教育局,2021,16,0,293,-1.110243508,-0.298818678,-1.56944667,-0.041623071
资阳市教育局,2021,16,4,294,-1.487485117,-0.148898369,-0.822711932,0.12092815254655206
达州市教育局,2021,17,1,295,-0.005537646,0.1799676996399238,0.2860880302873826,-0.202570862
达州市教育局,2021,17,2,296,-0.004039464,-0.332548006,0.2945076333569442,0.2384741070004646
达州市教育局,2021,17,3,297,0.04750792779800301,-0.094700501,0.47152088976199114,0.6259759996647069
达州市教育局,2021,17,0,298,-0.706180872,0.9671737211620649,0.8368840800056413,0.29684485786610765
达州市教育局,2021,17,4,299,-0.787298327,0.8546716854647928,-0.203188481,0.3588453394336913
遂宁市教育局,2021,18,1,300,0.036466281035214536,-0.573145203,-0.536557938,-1.221232118
遂宁市教育局,2021,18,2,301,-0.119270844,-0.945217732,-1.016941097,-1.040062057
遂宁市教育局,2021,18,3,302,-0.194298615,-0.94925831,-0.416756164,-0.655477289
遂宁市教育局,2021,18,0,303,-1.202867096,0.4301463258220151,-1.65203738,-1.392948385
遂宁市教育局,2021,18,4,304,-1.385382314,0.25071748360929585,-1.165908205,-1.836977322
阿坝藏族羌族自治州教育局,2021,19,1,305,-0.39588524,-0.217635628,-0.035222933,-0.327449621
阿坝藏族羌族自治州教育局,2021,19,2,306,0.47840024986027213,-0.918365583,0.06832828080418768,0.31282100931335316
阿坝藏族羌族自治州教育局,2021,19,3,307,0.4182585716270809,-0.500134888,0.3408595650132368,0.5602235260368124
阿坝藏族羌族自治州教育局,2021,19,0,308,-0.131102866,-0.484542215,0.9008268186143653,0.3525923036028855
阿坝藏族羌族自治州教育局,2021,19,4,309,-1.416033523,-0.218436363,0.1847120206486184,-1.221195931
雅安市教育局,2021,20,1,310,0.7519525630809066,1.1132642392605057,-0.104376335,-0.21545851
雅安市教育局,2021,20,2,311,0.9519144593659941,0.38739751547409257,0.0017221283613082043,-0.06626191
雅安市教育局,2021,20,3,312,1.1136448753940498,0.14932106305897028,0.4394556658650249,0.357941944596473
雅安市教育局,2021,20,0,313,0.37392384237627646,1.640057242771276,0.9814365484170212,-0.942898537
雅安市教育局,2021,20,4,314,0.07694896608541897,1.011116620774901,0.0646728235823838,0.07852514845206475
乐山市教育局,2022,0,1,315,0.5572352897020283,1.029725692881311,0.2350479702381406,0.45504647627077416
乐山市教育局,2022,0,2,316,1.1013404625740297,0.4454766631613108,-0.158955642,0.5752908484327843
乐山市教育局,2022,0,3,317,1.4580462103302592,0.17474267227740756,0.6249250047994834,0.6845045375982646
乐山市教育局,2022,0,0,318,0.2792161477243491,1.130431774780415,0.0618662593912569,0.7014656575739374
乐山市教育局,2022,0,4,319,-0.104341046,1.7615990886480286,-0.72787154,1.0771273404487964
内江市教育局,2022,1,1,320,0.3754574979542475,0.39169576079489826,0.32102412768681987,0.290137298547718
内江市教育局,2022,1,2,321,0.8553285684598223,-0.028996165,0.2155318182771635,0.46858940722549125
内江市教育局,2022,1,3,322,0.7586378248195336,-0.18769443,0.4575821441757565,0.6208725646689165
内江市教育局,2022,1,0,323,0.3595323146555975,1.6407918365293803,0.09027071548495544,-0.073931994
内江市教育局,2022,1,4,324,-0.033520096,1.6136527236217808,-0.286747954,-0.112351357
凉山彝族自治州教育局,2022,2,1,325,1.9151819306581117,0.7712678575749963,-0.50409369,0.9363561465208708
凉山彝族自治州教育局,2022,2,2,326,1.2074879125388056,-0.365298824,0.07973059933561896,1.7682965174163117
凉山彝族自治州教育局,2022,2,3,327,0.7638461456032246,-0.80350226,0.44537466360374106,2.3184550340157952
凉山彝族自治州教育局,2022,2,0,328,-0.862689589,1.2548745662338563,1.2657562715462,1.4785022470076872
凉山彝族自治州教育局,2022,2,4,329,-1.176816065,0.7613035340730251,0.6946531846051762,1.3324140922402998
南充市教育局,2022,3,1,330,1.0815124824862419,-1.000955681,-1.335879675,-0.79892895
南充市教育局,2022,3,2,331,0.38621613421302475,-1.477963011,-1.464921979,-0.213752032
南充市教育局,2022,3,3,332,0.13732162423594457,-1.703949832,-0.992603581,0.10878296535868441
南充市教育局,2022,3,0,333,-0.898688818,-0.042993259,-1.717474386,-0.111781514
南充市教育局,2022,3,4,334,-0.735245528,-0.225991547,-2.405416684,-0.157175436
宜宾市教育局,2022,4,1,335,0.375772598314491,0.35459954946611305,0.12955774734392336,0.3543306451461634
宜宾市教育局,2022,4,2,336,0.5779983488892056,-0.004665952,-0.165248562,0.6121333890444549
宜宾市教育局,2022,4,3,337,0.6614773913735792,-0.11048537,0.5893918569610288,0.7813467997609113
宜宾市教育局,2022,4,0,338,-0.284508011,0.7592736139839319,0.17481865140887426,0.6862315387059698
宜宾市教育局,2022,4,4,339,-0.240527647,0.7229895084804856,-0.215976784,0.9386452372168825
巴中市教育局,2022,5,1,340,-0.154511083,0.6248016784138949,0.7337281551572814,0.30159868576797505
巴中市教育局,2022,5,2,341,0.315063151157046,0.08707907972138397,0.5049854351751751,0.5179953174905824
巴中市教育局,2022,5,3,342,0.2264456957878149,-0.04349407,1.6870355106695885,0.7486791670922128
巴中市教育局,2022,5,0,343,-0.231406129,0.8818939730582422,1.7111275310554221,-0.45766258
巴中市教育局,2022,5,4,344,0.23632060353542098,0.8123959212551967,1.0671307593317854,-0.541714455
广元市教育局,2022,6,1,345,0.31587202726884045,-0.27975385,0.1307792911326764,-0.711610855
广元市教育局,2022,6,2,346,0.2989668809974979,-0.241439485,-0.41122488,-0.610639777
广元市教育局,2022,6,3,347,0.28829117437070695,-0.349502002,-0.094988846,-0.13722607
广元市教育局,2022,6,0,348,-0.343208138,0.2676571516829075,-0.04842719,-0.655290277
广元市教育局,2022,6,4,349,-0.024113711,0.21047090023897358,-0.170516607,-0.492259053
广安市教育局,2022,7,1,350,-0.775330274,-0.442881721,-0.058040007,-1.302291933
广安市教育局,2022,7,2,351,-0.279861273,-0.841966916,-0.404327972,-1.394127238
广安市教育局,2022,7,3,352,-0.285080241,-1.151290995,-0.087459855,-1.206313399
广安市教育局,2022,7,0,353,-1.259817903,0.18273832524848482,0.01078718979133805,-1.692134303
广安市教育局,2022,7,4,354,-1.261165487,0.5267261186038589,-0.647536639,-1.528467956
德阳市教育局,2022,8,1,355,-0.280568626,0.7093011882125199,0.1760282515160914,0.27128998146647526
德阳市教育局,2022,8,2,356,0.6674685621310399,0.3248221860726151,0.02959484739206766,0.28641409305731697
德阳市教育局,2022,8,3,357,0.8037236189872491,0.06256656813948387,0.6623329913943533,0.17230002966756927
德阳市教育局,2022,8,0,358,0.4043127297296706,1.124407806205238,1.153037795720832,-0.966916815
德阳市教育局,2022,8,4,359,0.5604608819908726,0.8692278264980177,-0.060019469,-0.227529184
成都市教育局,2022,9,1,360,-0.20596519,1.2648747686735888,0.7504700499796422,1.3116434056886888
成都市教育局,2022,9,2,361,1.2108206507036186,0.9972834709355534,0.44336959070747434,1.3861887466729907
成都市教育局,2022,9,3,362,1.8797648224359325,0.659930136438142,1.0583486585791309,1.2987152366019723
成都市教育局,2022,9,0,363,2.8416749895735967,2.5377076999671067,2.3290916262516443,1.556996372358032
成都市教育局,2022,9,4,364,1.2444722955551206,1.2571511954506087,-0.317638418,0.9045050980604515
攀枝花市教育局,2022,10,1,365,-0.304458555,0.07939012197452133,-0.5355402,-0.418610996
攀枝花市教育局,2022,10,2,366,0.6810736947798304,0.001862903841321021,-0.601814503,-0.26875502
攀枝花市教育局,2022,10,3,367,1.3006526467328405,-0.080824144,1.350853800859109,-0.154178725
攀枝花市教育局,2022,10,0,368,1.0139727757411543,0.7757199625672165,3.7446275501019555,0.007471623244417519
攀枝花市教育局,2022,10,4,369,0.9460708435467118,0.5792665046604061,0.9158270954332037,-0.171158774
泸州市教育局,2022,11,1,370,0.03270403387111134,0.2802276651527568,-0.043302775,0.07211101533065076
泸州市教育局,2022,11,2,371,0.47502937150363694,0.10847464665845136,-0.11889401,0.3441548989117107
泸州市教育局,2022,11,3,372,0.769719269807416,0.14983651052671682,1.3441545978789289,0.6756765240589145
泸州市教育局,2022,11,0,373,-0.208494819,1.103172008310655,2.388330112369645,0.020866613365172156
泸州市教育局,2022,11,4,374,-0.109553856,1.0295523617896305,1.358690383448174,0.3803266788626899
甘孜藏族自治州教育局,2022,12,1,375,1.191905814710116,-0.095560885,-0.923451291,0.3541091137417345
甘孜藏族自治州教育局,2022,12,2,376,0.6593955168309136,-1.761155632,-1.657103033,0.6824501768813955
甘孜藏族自治州教育局,2022,12,3,377,0.553421138345139,-2.13541713,-0.56949095,1.3657254016881069
甘孜藏族自治州教育局,2022,12,0,378,-1.28921032,0.4179097937569752,1.251902718305923,-0.623318145
甘孜藏族自治州教育局,2022,12,4,379,-0.818534378,0.08257096687608602,0.7311720892380421,-0.279358783
眉山市教育局,2022,13,1,380,0.69915316719341,1.5719410041799484,0.5423511116566405,0.48525995518228354
眉山市教育局,2022,13,2,381,1.3052188006435241,1.0229333195194599,-0.048680099,0.6338005740426272
眉山市教育局,2022,13,3,382,1.441139025548764,0.9425835484675157,0.7580662385608365,0.4955850501847298
眉山市教育局,2022,13,0,383,1.1749652019687349,1.8771623122843095,1.5679262967237864,-0.215403278
眉山市教育局,2022,13,4,384,0.5322636061574124,1.6734226496770745,0.7838374841399848,0.34683927886631816
绵阳市教育和体育局,2022,14,1,385,0.33477498686618173,0.5802203668711848,-0.325306019,-0.443162893
绵阳市教育和体育局,2022,14,2,386,0.6228660202224034,0.02726195261842213,-0.322990543,-0.209625723
绵阳市教育和体育局,2022,14,3,387,0.5765940344365392,0.37668519322420607,0.8426479408769324,0.08354109551533567
绵阳市教育和体育局,2022,14,0,388,0.08420329444932645,1.1689917994016563,1.063979347079243,-1.569598342
绵阳市教育和体育局,2022,14,4,389,-0.11214152,1.4588200693288065,0.220291312353835,-1.732571632
自贡市教育局,2022,15,1,390,-0.867953923,-0.343733223,0.1722299069314337,-0.407560024
自贡市教育局,2022,15,2,391,-0.251457362,-0.955795112,-0.196808883,0.04973500011908155
自贡市教育局,2022,15,3,392,-0.042856823,-0.919704027,0.275626061146847,0.5889301938001769
自贡市教育局,2022,15,0,393,-0.570576225,0.06720211668233675,-0.25959736,1.0067875415033458
自贡市教育局,2022,15,4,394,-1.173312717,0.12038013632380937,-1.055776118,0.6466485122621151
资阳市教育局,2022,16,1,395,0.48974860506445406,0.7979261091119129,0.07882715220195093,-0.224801781
资阳市教育局,2022,16,2,396,0.4541978694425971,0.1531217985974027,-0.091486974,0.374889310737179
资阳市教育局,2022,16,3,397,0.540115537568936,-0.21497172,0.6673697706164666,0.789706957213183
资阳市教育局,2022,16,0,398,0.08554447302067152,0.9223950808201252,0.27985618362653897,0.19217125163680177
资阳市教育局,2022,16,4,399,-0.02457616,1.0337167692298808,-0.557714868,0.8067411848548955
达州市教育局,2022,17,1,400,0.45849224759526347,0.37792258697248277,0.2692210291254239,0.3933806953657441
达州市教育局,2022,17,2,401,0.4151707264709101,-0.182458314,0.5436417919927536,0.7005044076704255
达州市教育局,2022,17,3,402,0.3491248171378286,0.15395452746507998,0.7875788155286065,0.9222305992032939
达州市教育局,2022,17,0,403,-0.226968462,0.969257022412455,1.4818551386129695,0.38991226907013954
达州市教育局,2022,17,4,404,-0.288197284,1.0595170553425128,0.386220099282601,0.6588996436473965
遂宁市教育局,2022,18,1,405,0.6521765668770916,0.5501997678386941,-0.309759926,-0.192268969
遂宁市教育局,2022,18,2,406,0.5632023983407342,0.13148066394057145,-0.494703899,-0.030239842
遂宁市教育局,2022,18,3,407,0.5423418024377977,0.11813264010173882,0.16786505056439716,0.20965146175389027
遂宁市教育局,2022,18,0,408,0.11244047053679197,1.248170574426286,0.16996058050183926,-0.755338733
遂宁市教育局,2022,18,4,409,-0.81544647,0.9728620321675838,-0.351883431,-1.021110938
阿坝藏族羌族自治州教育局,2022,19,1,410,0.5899472466843474,0.9503537912564431,-0.011490521,0.5389678844506283
阿坝藏族羌族自治州教育局,2022,19,2,411,0.9818327036648096,0.7361223490684766,0.8936539356008845,0.975929953055762
阿坝藏族羌族自治州教育局,2022,19,3,412,1.134457708395731,0.465066785567341,1.8480845588128147,1.0767565702748987
阿坝藏族羌族自治州教育局,2022,19,0,413,0.45115388097339887,1.078233713538564,1.611488165049519,0.27401815107003785
阿坝藏族羌族自治州教育局,2022,19,4,414,-0.462423575,1.1700557151625735,1.142204460789551,0.33975264900154345
雅安市教育局,2022,20,1,415,0.6839555188677139,1.14306897473221,-0.025553893,0.20639593399155345
雅安市教育局,2022,20,2,416,1.1932818176670792,0.48244818620636537,-0.167192942,0.314049316767246
雅安市教育局,2022,20,3,417,1.2452070866971325,0.014322551646544305,0.7816000359534442,0.5038293815870546
雅安市教育局,2022,20,0,418,0.37679394432758884,1.3273506958044783,1.3114674148742878,-0.907713104
雅安市教育局,2022,20,4,419,0.3222896509639818,1.183912360042695,-0.08108416,-0.323382444
乐山市教育局,2023,0,1,420,0.6918734477843698,1.218909743818928,0.326808595309754,0.4689909692894931
乐山市教育局,2023,0,2,421,1.1734044375311494,0.5248671980242217,0.022920389298506295,0.8436480196639815
乐山市教育局,2023,0,3,422,1.5113604568970085,0.1679171923470162,0.5241570323692057,0.8142103501382094
乐山市教育局,2023,0,0,423,0.4540733287731423,1.1014157833402822,-0.032171714,0.21527148429891588
乐山市教育局,2023,0,4,424,0.4211268478441263,1.8428210982896505,-0.358866852,0.7654168555183153
内江市教育局,2023,1,1,425,0.6821886530559651,0.804695804151521,0.2391097760613952,0.47546547918709997
内江市教育局,2023,1,2,426,1.0954512312860714,0.41187456017622653,0.08578857938575705,0.3966409292981199
内江市教育局,2023,1,3,427,1.1649967111702542,0.155227269659959,0.7763408984508045,0.518191133052218
内江市教育局,2023,1,0,428,0.44625877555018195,1.9442558130473173,0.15833970187079544,0.4741721024729661
内江市教育局,2023,1,4,429,0.17695275649821726,1.7522678879488032,-0.033391594,0.18574297609732793
凉山彝族自治州教育局,2023,2,1,430,1.8108164235368087,1.0011589773955238,-0.316747038,1.099385720296365
凉山彝族自治州教育局,2023,2,2,431,1.137158844675509,-0.109488384,0.061749082975500955,1.8177939754504675
凉山彝族自治州教育局,2023,2,3,432,0.9554451449739659,-0.52896844,0.641383087572602,2.3055775485778227
凉山彝族自治州教育局,2023,2,0,433,-0.687999,1.1747594042716045,1.5386968738102267,1.6672179562698033
凉山彝族自治州教育局,2023,2,4,434,-1.506342583,0.4071088811262737,0.642684067130297,0.9535543315320598
南充市教育局,2023,3,1,435,0.8328543363696352,-0.477073968,-1.007613811,-0.710808239
南充市教育局,2023,3,2,436,0.4114650480482692,-1.266094287,-1.427797579,-0.463779817
南充市教育局,2023,3,3,437,0.3653254062038444,-1.368406486,-1.016491269,-0.184429166
南充市教育局,2023,3,0,438,-0.128158696,0.5220493810394081,-1.145067918,-0.136445082
南充市教育局,2023,3,4,439,-0.529586075,-0.408310032,-2.173034308,-0.001645826
宜宾市教育局,2023,4,1,440,0.17012326331757568,0.5424354745029251,0.15630113688190864,0.07678926825690419
宜宾市教育局,2023,4,2,441,0.4167710326739566,0.03673393855100419,-0.023638813,0.5392792496080328
宜宾市教育局,2023,4,3,442,0.6992076787326167,-0.207022573,0.6291922617761704,0.6725592414515269
宜宾市教育局,2023,4,0,443,0.006125154938726284,1.0229701693060107,1.0571971684749453,0.5579185343338261
宜宾市教育局,2023,4,4,444,-0.545229403,0.8165191801316986,-0.266148137,0.3600114417182093
巴中市教育局,2023,5,1,445,0.17874700014551292,0.6683817802064957,0.5733010679428481,0.3865891983930766
巴中市教育局,2023,5,2,446,0.40674628829776105,0.28544454633824823,0.6381741063775905,0.6656824281816205
巴中市教育局,2023,5,3,447,0.6228663408094263,0.1526960742111348,1.6224558707263834,0.806663496377099
巴中市教育局,2023,5,0,448,0.14622147505970326,1.2036978096583755,2.1064980516539347,-0.322992957
巴中市教育局,2023,5,4,449,0.19369052864333364,0.9774735900081389,1.1517045087005728,-0.066400509
广元市教育局,2023,6,1,450,0.7353584301542085,1.0244372044092596,0.3707025121955474,-0.115138655
广元市教育局,2023,6,2,451,0.976765883796388,0.7824876839822528,-0.176205833,-0.019514147
广元市教育局,2023,6,3,452,1.045653252395381,0.5867180456167793,-0.006372323,0.04816157534508052
广元市教育局,2023,6,0,453,0.9669762449193829,1.237539082742223,1.2655688592811152,0.27493933891149225
广元市教育局,2023,6,4,454,1.2425415366999917,0.6872087688831516,0.736742044326164,0.3191108429048951
广安市教育局,2023,7,1,455,0.10398581154474092,0.3559758651632724,0.0884997100501112,-1.378656084
广安市教育局,2023,7,2,456,0.4337389550953895,-0.166189,-0.224724632,-1.166478035
广安市教育局,2023,7,3,457,0.29664233270497753,-0.420719111,0.13912949338375397,-0.983183589
广安市教育局,2023,7,0,458,-0.560814369,0.6568294140604075,0.33443777820418236,-1.309373504
广安市教育局,2023,7,4,459,-0.676884994,0.9645411982587686,-0.459187091,-1.0583581
德阳市教育局,2023,8,1,460,-0.06273251,1.0259407461334589,0.018467377375995873,0.03738868368083518
德阳市教育局,2023,8,2,461,0.7561644584080733,0.5667883354630312,-0.164719477,0.45302061053249476
德阳市教育局,2023,8,3,462,1.2130670557184937,0.24960624485353425,0.2559150841128511,0.2528234297209229
德阳市教育局,2023,8,0,463,0.8421586529988817,1.116170716899341,1.173283650551766,-0.812317152
德阳市教育局,2023,8,4,464,1.1013079510310497,1.4283730273649975,-0.243049403,-0.520673932
成都市教育局,2023,9,1,465,-0.395622191,1.1605278136034878,0.6835170233453657,1.2806490916143307
成都市教育局,2023,9,2,466,1.127312087281057,0.9639403107468674,0.4929224873814655,1.345318833743513
成都市教育局,2023,9,3,467,2.013390287348217,0.6830363433774822,0.8788897644046177,1.2486967848571144
成都市教育局,2023,9,0,468,3.1050039910780267,2.564435244410212,2.482522269306897,1.6224747119845888
成都市教育局,2023,9,4,469,1.4716166148995504,1.3101473994291808,-0.082409372,0.6141407705810309
攀枝花市教育局,2023,10,1,470,-0.567487829,0.37724368840753225,-0.612133552,-0.69324291
攀枝花市教育局,2023,10,2,471,0.6279114008032212,0.1417293848427207,-0.767441898,0.09004921241944802
攀枝花市教育局,2023,10,3,472,1.3159127442610523,-0.331063223,0.9048757949194108,-0.000554106
攀枝花市教育局,2023,10,0,473,1.0825544508601783,0.7373404746993256,3.376286442088695,-0.13906806
攀枝花市教育局,2023,10,4,474,1.0364861478518677,0.6180835019574177,0.8020885723526955,-0.188501986
泸州市教育局,2023,11,1,475,-0.326295744,0.39617815906353154,0.0880142894429609,-0.18400327
泸州市教育局,2023,11,2,476,0.32943680320637664,0.3441807774813277,0.10473101087656779,0.16579806305791592
泸州市教育局,2023,11,3,477,0.7402066062593555,0.2251636246185218,1.3111871479329622,0.5472528089393529
泸州市教育局,2023,11,0,478,0.039192047438243637,1.188654467597525,2.2550181402567318,0.1059592956253637
泸州市教育局,2023,11,4,479,-0.259989108,0.9011193874120226,1.4916299864619273,0.760630295067898
甘孜藏族自治州教育局,2023,12,1,480,1.9488798555470712,-0.233017957,-1.539767584,0.1891791641684084
甘孜藏族自治州教育局,2023,12,2,481,0.8327089588894888,-1.87346987,-0.955653609,1.049018208723876
甘孜藏族自治州教育局,2023,12,3,482,0.23048541721924745,-2.694562412,0.005949977560168894,1.3552132763440436
甘孜藏族自治州教育局,2023,12,0,483,-1.185437131,0.26549777628920385,1.1497563356095917,-0.252134241
甘孜藏族自治州教育局,2023,12,4,484,-0.961859184,-0.05674901,-2.541186296,0.29775516173226435
眉山市教育局,2023,13,1,485,0.7105039931614766,1.4096474882835004,0.21798260294302227,0.2866800937421889
眉山市教育局,2023,13,2,486,1.3115806648780952,0.8139800351918846,-0.393093286,0.2115506058763843
眉山市教育局,2023,13,3,487,1.450601231613592,0.7582847975758409,0.3687192919898892,0.2075797185559836
眉山市教育局,2023,13,0,488,1.2310389393013408,1.709724765594039,1.3396848903893128,-0.287782793
眉山市教育局,2023,13,4,489,0.8127868890462273,1.4943731887366676,0.6376136614030654,-0.077432817
绵阳市教育和体育局,2023,14,1,490,0.30379702263315805,0.5780144610407147,-0.33332187,-0.170664956
绵阳市教育和体育局,2023,14,2,491,0.7961732405055635,0.5039225434697363,-0.440305756,-0.137821067
绵阳市教育和体育局,2023,14,3,492,0.9817338517401025,0.5494320492866064,0.4229636519401559,0.05518568723294836
绵阳市教育和体育局,2023,14,0,493,0.5217312991016612,0.8742334092815847,1.7439035197569526,-0.658118785
绵阳市教育和体育局,2023,14,4,494,0.5397097754913173,1.574972901768659,0.6829900986444095,-1.014264303
自贡市教育局,2023,15,1,495,-1.028498829,-0.840617457,-0.100517092,-0.472740196
自贡市教育局,2023,15,2,496,-0.526425324,-1.0321869,-0.154125891,0.07369210644569026
自贡市教育局,2023,15,3,497,0.07371806903825863,-1.205094104,-0.255927599,0.5169930074758115
自贡市教育局,2023,15,0,498,-0.810125389,-0.056347698,-0.18980514,0.6411045493890348
自贡市教育局,2023,15,4,499,-1.253925619,0.08638836265061488,-0.858830714,0.5145275479791576
资阳市教育局,2023,16,1,500,0.7227206988442351,0.7885902071258385,0.17754983540791147,-0.050262046
资阳市教育局,2023,16,2,501,0.7253080435722031,0.28315669758038275,-0.250624261,0.16973422013692974
资阳市教育局,2023,16,3,502,0.8243028758361034,0.003488115869101719,0.026808760157886385,0.7342984369659199
资阳市教育局,2023,16,0,503,0.5391754105298753,1.1338236145122957,-0.00194087,1.0195112657385192
资阳市教育局,2023,16,4,504,0.5072516202274848,1.2352160854079828,0.23748428502277696,1.194632923325216
达州市教育局,2023,17,1,505,0.3157505913211204,0.7155585235333584,0.5796697150815306,0.48198700163920394
达州市教育局,2023,17,2,506,0.39180999856824356,-0.0168961,0.6213256390714197,0.7499386512102324
达州市教育局,2023,17,3,507,0.2375139422971037,0.16488329334209625,1.1059016221953373,1.1105266656947372
达州市教育局,2023,17,0,508,-0.02124262,1.0552999406538406,1.6444917258076477,0.4915251102825886
达州市教育局,2023,17,4,509,-0.279734705,0.7473195150023225,0.9024068325791872,0.14684101637715538
遂宁市教育局,2023,18,1,510,0.5537151903629967,0.8193293162636356,-0.090989885,-0.170763319
遂宁市教育局,2023,18,2,511,0.7913366747408116,0.2785750424165383,-0.476251852,0.11124728398199174
遂宁市教育局,2023,18,3,512,0.9039943190980804,0.11023828412084588,0.0948868314147425,0.21706632037080054
遂宁市教育局,2023,18,0,513,0.45514359696997303,1.5431243250817417,0.21673089583080038,-0.692305837
遂宁市教育局,2023,18,4,514,-0.049944569,1.101586353022645,-0.374148036,-0.420660097
阿坝藏族羌族自治州教育局,2023,19,1,515,0.24920742952206199,1.1403042516396649,0.36652578657822965,0.4238911070869805
阿坝藏族羌族自治州教育局,2023,19,2,516,0.6316803161904235,0.35216726629629913,1.0122161163746877,0.8488605966334105
阿坝藏族羌族自治州教育局,2023,19,3,517,0.7926142608412459,0.15738257567825725,1.7855169720165658,1.2296342128871376
阿坝藏族羌族自治州教育局,2023,19,0,518,0.7864282777029508,1.4679497664976082,1.8369303122555836,0.4250052579277462
阿坝藏族羌族自治州教育局,2023,19,4,519,0.1970488293483539,1.6463352015199753,0.7022337443275748,-0.579194001
雅安市教育局,2023,20,1,520,0.8437830143594391,1.2391040045498423,-0.04437269,0.17148994892708017
雅安市教育局,2023,20,2,521,1.441825993459539,0.6286735077710195,-0.220294321,0.12147781211383814
雅安市教育局,2023,20,3,522,1.4651352236576962,0.20674717865055442,0.5920647040692054,0.4752539133101765
雅安市教育局,2023,20,0,523,0.3562741293660381,1.3570223660288605,1.1128871063129526,-1.269170953
雅安市教育局,2023,20,4,524,-0.267569142,0.9393483992877631,-0.005330504,-0.505919884
乐山市教育局,2024,0,1,525,0.7980320947562349,1.2097125102603976,0.36995217278066195,0.5961488544815763
乐山市教育局,2024,0,2,526,1.2213550199340355,0.4381406606083663,-0.015562785,0.8572599255584895
乐山市教育局,2024,0,3,527,1.7570438289546249,0.23314422902032658,0.3139390969087687,1.0925551289111883
乐山市教育局,2024,0,0,528,0.45454830317016487,0.8346252423256273,-0.725921841,-0.061112076
乐山市教育局,2024,0,4,529,0.6324912245019276,1.3906464855361491,-0.330099409,0.5411498061000266
内江市教育局,2024,1,1,530,0.9128731514339504,0.80699281713696,0.10107729246244329,0.12675898039908087
内江市教育局,2024,1,2,531,1.2416060779714986,0.4277735544789424,-0.276752832,0.34732572265718165
内江市教育局,2024,1,3,532,1.3440526958336787,0.1787390181526496,0.44078380287900126,0.3053101835943678
内江市教育局,2024,1,0,533,0.9326556069855347,1.8072784636994201,0.18201782299386116,0.045699514697477406
内江市教育局,2024,1,4,534,0.7919971536339586,1.7887275630697383,0.19246449119420245,-0.099412801
凉山彝族自治州教育局,2024,2,1,535,1.8024969833165172,1.7352061636031373,0.003262877766089237,1.1598544268825286
凉山彝族自治州教育局,2024,2,2,536,1.5566910470320379,0.5051594040454785,0.42294989569324387,1.8260502665281937
凉山彝族自治州教育局,2024,2,3,537,1.0568024719928655,-0.016850827,1.2510651971969644,2.3002566763106254
凉山彝族自治州教育局,2024,2,0,538,-0.399657564,1.6148432220293503,1.8707167555385427,1.345051760376594
凉山彝族自治州教育局,2024,2,4,539,-0.292468224,1.4276220811006828,1.4803006540261179,1.212196122064425
南充市教育局,2024,3,1,540,0.792946808217104,-0.36560131,-1.006534496,-0.594620135
南充市教育局,2024,3,2,541,0.7864397126754822,-1.05619969,-1.544491783,-0.44215396
南充市教育局,2024,3,3,542,0.6789785320307244,-1.050175076,-1.184432479,-0.155603269
南充市教育局,2024,3,0,543,0.932651820359213,1.4889350705268634,0.45829225603188967,0.5164605761955356
南充市教育局,2024,3,4,544,0.1126794754622749,-0.215393618,-1.394634007,-0.336129951
宜宾市教育局,2024,4,1,545,0.2623883260166744,0.7033809091391426,0.048389425437103444,0.10914226453952082
宜宾市教育局,2024,4,2,546,0.3100885971459396,0.17447479230896465,-0.048713685,0.6105973831264209
宜宾市教育局,2024,4,3,547,0.5713746046910296,-0.082875931,0.4753471509996112,0.7547100724904474
宜宾市教育局,2024,4,0,548,0.5986290699009337,1.5004582600257035,1.5741904987669402,0.7218959827623476
宜宾市教育局,2024,4,4,549,-0.129763015,0.8135805364546496,0.03379220489813079,0.09602238396311215
巴中市教育局,2024,5,1,550,0.3054936447538145,0.504753820226537,0.31445082475007197,0.3755559532895659
巴中市教育局,2024,5,2,551,0.48456563288699384,0.0195064747594369,0.4528071082965899,0.5886365247560624
巴中市教育局,2024,5,3,552,0.8099158188846294,0.05610606709975996,1.4303233977463732,0.7138878164767472
巴中市教育局,2024,5,0,553,0.2571421226876727,1.0085853138539307,1.8128350137463485,-0.59786766
巴中市教育局,2024,5,4,554,0.07842279789838898,0.7525150471256703,1.0632215669727252,-0.372121964
广元市教育局,2024,6,1,555,0.9769270275110131,0.9376610187445725,0.15440261928083693,-0.325438973
广元市教育局,2024,6,2,556,0.9324920776551833,0.5405649736179858,-0.482646102,-0.014799808
广元市教育局,2024,6,3,557,1.2828671622532741,0.44104780430535495,-0.187262912,0.16533101644563275
广元市教育局,2024,6,0,558,1.211518027821507,1.0670297073100667,1.5153414739445017,-0.113061375
广元市教育局,2024,6,4,559,1.722391462129773,0.35932057793168876,0.8529763853688228,0.304402355593132
广安市教育局,2024,7,1,560,0.3820723791005815,0.15995362718905756,-0.220708231,-1.270220196
广安市教育局,2024,7,2,561,0.6921833032013711,-0.483584009,-0.628499344,-0.872677237
广安市教育局,2024,7,3,562,0.5279234771514794,-0.699630351,-0.608351521,-0.825872233
广安市教育局,2024,7,0,563,-0.216297107,0.7353494011113773,-0.257979183,-1.292903856
广安市教育局,2024,7,4,564,-0.038408418,1.0905247349393106,-0.731643307,-1.218707885
德阳市教育局,2024,8,1,565,-0.28002465,1.0584552007892183,0.0822247845309055,0.27746025762165744
德阳市教育局,2024,8,2,566,0.7848475680413726,0.3104062779782976,-0.244121585,0.6530888988337465
德阳市教育局,2024,8,3,567,1.1341819369780133,0.12019308134254014,0.016262043568218948,0.5591490965153826
德阳市教育局,2024,8,0,568,1.0159912830096425,1.2590425961276834,1.5067300401837704,-0.747363446
德阳市教育局,2024,8,4,569,1.031923984408186,1.7814531032935956,-0.001240518,-0.49576414
成都市教育局,2024,9,1,570,-0.251568968,1.3473713062142632,0.6986768799685394,1.3668363884310715
成都市教育局,2024,9,2,571,1.1995991727630804,0.9556955344944965,0.482288901599766,1.4166992274144257
成都市教育局,2024,9,3,572,2.1091550894686932,0.7417118599808387,0.9124575492798397,1.1429043666279153
成都市教育局,2024,9,0,573,3.240914945797502,2.481349898406269,2.5585829003956677,1.7243865519715298
成都市教育局,2024,9,4,574,1.9010334830881574,1.454219527176318,0.0804531985998698,0.5378463367439716
攀枝花市教育局,2024,10,1,575,0.1675207801893826,0.03844824482373474,-0.556298656,0.06886257818136977
攀枝花市教育局,2024,10,2,576,1.1250790060691864,0.02895196685241845,-0.576803573,0.20867729248341324
攀枝花市教育局,2024,10,3,577,1.7771544078121864,0.09776464275241052,0.6270024397627444,0.0314325157621795
攀枝花市教育局,2024,10,0,578,1.5827466062860258,0.406252511211246,3.0690892603796494,-0.246326227
攀枝花市教育局,2024,10,4,579,1.4564266894182827,0.7092815625469958,-0.218668029,0.26461447384012016
泸州市教育局,2024,11,1,580,-0.206009651,0.6349070034060408,0.02878867286356747,-0.153699776
泸州市教育局,2024,11,2,581,0.6856915981836048,0.4786550222914451,0.15954667485371762,0.3471005828958898
泸州市教育局,2024,11,3,582,1.0808201917148836,0.46657407272154244,1.115859850936772,0.5620592882412637
泸州市教育局,2024,11,0,583,0.4191281589552732,1.2707853745873372,2.3019840252476524,0.1113383441017322
泸州市教育局,2024,11,4,584,0.10026663716202598,1.2274017153318784,1.7025946552641589,1.1734981321254192
甘孜藏族自治州教育局,2024,12,1,585,1.6035142433353502,-0.388627411,-1.549330054,0.39400644411559543
甘孜藏族自治州教育局,2024,12,2,586,0.4495565729217487,-1.353820969,-1.392702675,0.7363853729074024
甘孜藏族自治州教育局,2024,12,3,587,-0.182247301,-2.523671545,-0.012177028,1.3301247433603958
甘孜藏族自治州教育局,2024,12,0,588,-1.731258937,-0.013897576,0.5286400165429658,-0.569876367
甘孜藏族自治州教育局,2024,12,4,589,-0.723525835,0.2930233221074604,-2.624645932,0.2618587349516981
眉山市教育局,2024,13,1,590,0.579812320183414,1.436233512046528,0.13591490508668164,0.4126512131014673
眉山市教育局,2024,13,2,591,1.3057011521500934,0.9263441411134888,-0.429116744,0.22897454265025957
眉山市教育局,2024,13,3,592,1.7420287757307955,0.70823371102855,0.21718545469885184,0.3851323646649435
眉山市教育局,2024,13,0,593,1.6067784275826489,1.8164881404865068,1.1302243160108782,-0.262146979
眉山市教育局,2024,13,4,594,1.0179128714958816,1.4698255642737346,1.1492728381695994,-0.202765132
绵阳市教育和体育局,2024,14,1,595,0.5258815666545449,0.8107953409942825,-0.43995982,-0.300800798
绵阳市教育和体育局,2024,14,2,596,1.0348277469476053,0.5837590769043919,-0.48191208,-0.148901397
绵阳市教育和体育局,2024,14,3,597,1.1417519357112293,0.5182596705146991,-0.009541134,0.15685036745934863
绵阳市教育和体育局,2024,14,0,598,1.175676703270158,1.260519117424876,1.9329024144095823,0.3020647103145019
绵阳市教育和体育局,2024,14,4,599,0.49088323326874955,1.5917963502782013,0.2878168058462002,-0.304962529
自贡市教育局,2024,15,1,600,-0.370581687,0.04518088795856464,0.1282918730087791,0.08740932919374296
自贡市教育局,2024,15,2,601,0.23059927981582826,-0.355851848,-0.119340246,0.7546744321799027
自贡市教育局,2024,15,3,602,0.5104273212129514,-0.59145629,-0.367159289,0.8997479156268263
自贡市教育局,2024,15,0,603,0.2799534700685513,0.5209557093552982,0.4371468520638232,0.8547484555746931
自贡市教育局,2024,15,4,604,0.3119737625223305,1.0681860848883657,0.4118827540518926,1.2721316893071906
资阳市教育局,2024,16,1,605,0.752866866202261,0.8358203875823622,-0.039031222,-0.099103863
资阳市教育局,2024,16,2,606,0.864773048677866,0.29759142644613873,-0.548768445,0.23362898767699034
资阳市教育局,2024,16,3,607,1.041613753950279,-0.028131869,0.03847562302007368,0.5872918241373315
资阳市教育局,2024,16,0,608,0.5379161196985469,1.251403356830997,-0.301393643,0.8693226573372155
资阳市教育局,2024,16,4,609,0.5487497216338881,1.287763747590717,0.3434788462153505,1.7528205412109896
达州市教育局,2024,17,1,610,0.581113728189347,1.0500571204865126,0.48544487058728003,0.6583339007430922
达州市教育局,2024,17,2,611,0.7211320488680061,0.26599980852265187,0.8136158711326044,1.0301570608093595
达州市教育局,2024,17,3,612,0.43169066336915013,0.31626525904425673,1.0421276441418008,1.1938532587611863
达州市教育局,2024,17,0,613,0.12960912217971815,1.2550147545674912,1.3529726009585539,0.8565766458891593
达州市教育局,2024,17,4,614,0.3019681748529911,1.1998422853649517,1.1431878083512157,0.37300732760170097
遂宁市教育局,2024,18,1,615,0.9538629497548374,0.5348796469748404,-0.350448588,0.07006617252813743
遂宁市教育局,2024,18,2,616,1.163909372405955,0.46983572612642605,-0.824586055,0.10137747042878335
遂宁市教育局,2024,18,3,617,1.1503256777968354,0.27519508455519603,-0.089960581,0.2082109516478388
遂宁市教育局,2024,18,0,618,0.698178809482172,1.3857534769670816,0.6857585710865374,-0.717579098
遂宁市教育局,2024,18,4,619,0.5542951962819644,1.117221953659876,-0.097159696,-0.560718902
阿坝藏族羌族自治州教育局,2024,19,1,620,0.3617896307557036,1.5667503769835047,0.7660654824828436,1.0623236062581187
阿坝藏族羌族自治州教育局,2024,19,2,621,0.6881642924961741,0.5543323271282355,1.1790818291213099,1.314733680118207
阿坝藏族羌族自治州教育局,2024,19,3,622,0.8989051110392448,0.5099814479303624,1.671298223597479,1.626190424378584
阿坝藏族羌族自治州教育局,2024,19,0,623,1.0253536146407713,1.2517337639381,2.1082855627589114,0.5250261921080471
阿坝藏族羌族自治州教育局,2024,19,4,624,0.8241768393636106,1.4270758186000156,1.4307018972441101,-0.073868061
雅安市教育局,2024,20,1,625,0.7937608609274904,1.0152308297760095,-0.096568488,-0.050738298
雅安市教育局,2024,20,2,626,1.5635574868003004,0.16771429948690955,-0.324602181,0.16771630612022764
雅安市教育局,2024,20,3,627,1.744029474914305,0.03956592594123778,0.4332453637617091,0.4302285316266964
雅安市教育局,2024,20,0,628,1.0510062941288145,0.9634749535731171,1.0425953179770173,-0.507331784
雅安市教育局,2024,20,4,629,0.3307034342719463,0.7383827513160364,-0.041821355,0.040237219637776656
